{
  "hash": "98549a53",
  "configHash": "bc067d9a",
  "lockfileHash": "c723c2eb",
  "browserHash": "dd7c3071",
  "optimized": {
    "@angular/common": {
      "src": "../../../../../node_modules/@angular/common/fesm2022/common.mjs",
      "file": "@angular_common.js",
      "fileHash": "4356f0e7",
      "needsInterop": false
    },
    "@angular/common/http": {
      "src": "../../../../../node_modules/@angular/common/fesm2022/http.mjs",
      "file": "@angular_common_http.js",
      "fileHash": "74196986",
      "needsInterop": false
    },
    "@angular/core": {
      "src": "../../../../../node_modules/@angular/core/fesm2022/core.mjs",
      "file": "@angular_core.js",
      "fileHash": "2ba3d7c3",
      "needsInterop": false
    },
    "@angular/forms": {
      "src": "../../../../../node_modules/@angular/forms/fesm2022/forms.mjs",
      "file": "@angular_forms.js",
      "fileHash": "213ef399",
      "needsInterop": false
    },
    "@angular/platform-browser": {
      "src": "../../../../../node_modules/@angular/platform-browser/fesm2022/platform-browser.mjs",
      "file": "@angular_platform-browser.js",
      "fileHash": "28e2af3f",
      "needsInterop": false
    },
    "@angular/router": {
      "src": "../../../../../node_modules/@angular/router/fesm2022/router.mjs",
      "file": "@angular_router.js",
      "fileHash": "9d234b65",
      "needsInterop": false
    },
    "rxjs": {
      "src": "../../../../../node_modules/rxjs/dist/esm5/index.js",
      "file": "rxjs.js",
      "fileHash": "42b533d5",
      "needsInterop": false
    },
    "crypto-js": {
      "src": "../../../../../node_modules/crypto-js/index.js",
      "file": "crypto-js.js",
      "fileHash": "79fe2523",
      "needsInterop": true
    }
  },
  "chunks": {
    "chunk-5S7SPMY5": {
      "file": "chunk-5S7SPMY5.js"
    },
    "chunk-JOBUBIIN": {
      "file": "chunk-JOBUBIIN.js"
    },
    "chunk-7FXII2KQ": {
      "file": "chunk-7FXII2KQ.js"
    },
    "chunk-NHHTBSKE": {
      "file": "chunk-NHHTBSKE.js"
    },
    "chunk-RELAUSAZ": {
      "file": "chunk-RELAUSAZ.js"
    },
    "chunk-EIB7IA3J": {
      "file": "chunk-EIB7IA3J.js"
    }
  }
}