{
  "hash": "7b2f2b61",
  "configHash": "a3b46ae3",
  "lockfileHash": "b59c38b9",
  "browserHash": "083984e7",
  "optimized": {
    "@angular/common": {
      "src": "../../../../../node_modules/@angular/common/fesm2022/common.mjs",
      "file": "@angular_common.js",
      "fileHash": "a7bf9534",
      "needsInterop": false
    },
    "@angular/common/http": {
      "src": "../../../../../node_modules/@angular/common/fesm2022/http.mjs",
      "file": "@angular_common_http.js",
      "fileHash": "08f21fda",
      "needsInterop": false
    },
    "@angular/core": {
      "src": "../../../../../node_modules/@angular/core/fesm2022/core.mjs",
      "file": "@angular_core.js",
      "fileHash": "f2611cac",
      "needsInterop": false
    },
    "@angular/forms": {
      "src": "../../../../../node_modules/@angular/forms/fesm2022/forms.mjs",
      "file": "@angular_forms.js",
      "fileHash": "c7796316",
      "needsInterop": false
    },
    "@angular/platform-browser": {
      "src": "../../../../../node_modules/@angular/platform-browser/fesm2022/platform-browser.mjs",
      "file": "@angular_platform-browser.js",
      "fileHash": "e8e1dfeb",
      "needsInterop": false
    },
    "@angular/router": {
      "src": "../../../../../node_modules/@angular/router/fesm2022/router.mjs",
      "file": "@angular_router.js",
      "fileHash": "c896eb51",
      "needsInterop": false
    },
    "rxjs": {
      "src": "../../../../../node_modules/rxjs/dist/esm5/index.js",
      "file": "rxjs.js",
      "fileHash": "0d4adad8",
      "needsInterop": false
    },
    "express": {
      "src": "../../../../../node_modules/express/index.js",
      "file": "express.js",
      "fileHash": "93240d84",
      "needsInterop": true
    }
  },
  "chunks": {
    "chunk-5S7SPMY5": {
      "file": "chunk-5S7SPMY5.js"
    },
    "chunk-JOBUBIIN": {
      "file": "chunk-JOBUBIIN.js"
    },
    "chunk-7FXII2KQ": {
      "file": "chunk-7FXII2KQ.js"
    },
    "chunk-NHHTBSKE": {
      "file": "chunk-NHHTBSKE.js"
    },
    "chunk-RELAUSAZ": {
      "file": "chunk-RELAUSAZ.js"
    },
    "chunk-EIB7IA3J": {
      "file": "chunk-EIB7IA3J.js"
    }
  }
}